[
  { "id": 1, "countryId": 1, "FullName": "Mazowieckie", "ParentIds": [], "DescriptionPl": "województwo", "Code": null },
  { "id": 2, "countryId": 1, "FullName": "Pruszkowski, Mazowieckie", "ParentIds": [1], "DescriptionPl": "powiat", "Code": null },
  { "id": 3, "countryId": 1, "FullName": "Gmina Pruszków, Pruszkowski, Mazowieckie", "ParentIds": [1, 2], "DescriptionPl": "gmina", "Code": null },
  { "id": 4, "countryId": 1, "FullName": "Pruszków, Pruszkowski, Mazowieckie", "ParentIds": [1, 2, 3], "DescriptionPl": "miasto", "Code": "05-800" },
  { "id": 5, "countryId": 1, "FullName": "Piaseczyński, Mazowieckie", "ParentIds": [1], "DescriptionPl": "powiat", "Code": null },
  { "id": 6, "countryId": 1, "FullName": "Gmina Piaseczno, Piaseczyński, Mazowieckie", "ParentIds": [1, 5], "DescriptionPl": "gmina", "Code": null },
  { "id": 7, "countryId": 1, "FullName": "Piaseczno, Piaseczyński, Mazowieckie", "ParentIds": [1, 5, 6], "DescriptionPl": "miasto", "Code": "05-500" },
  { "id": 8, "countryId": 1, "FullName": "Józefosław, Piaseczno, Piaseczyński, Mazowieckie", "ParentIds": [1, 5, 6], "DescriptionPl": "wieś", "Code": "05-509" },
  { "id": 9, "countryId": 1, "FullName": "Warszawa, Mazowieckie", "ParentIds": [1], "DescriptionPl": "miasto stołeczne", "Code": null },
  { "id": 10, "countryId": 1, "FullName": "Mokotów, Warszawa, Mazowieckie", "ParentIds": [1, 9], "DescriptionPl": "dzielnica", "Code": "02-500" },
  { "id": 11, "countryId": 1, "FullName": "Małopolskie", "ParentIds": [], "DescriptionPl": "województwo", "Code": null },
  { "id": 12, "countryId": 1, "FullName": "Tatrzański, Małopolskie", "ParentIds": [11], "DescriptionPl": "powiat", "Code": null },
  { "id": 13, "countryId": 1, "FullName": "Gmina Zakopane, Tatrzański, Małopolskie", "ParentIds": [11, 12], "DescriptionPl": "gmina", "Code": null },
  { "id": 14, "countryId": 1, "FullName": "Zakopane, Powiat Tatrzański, Małopolskie", "ParentIds": [11, 12, 13], "DescriptionPl": "miasto", "Code": "34-500" },
  { "id": 15, "countryId": 1, "FullName": "Gmina Bukowina Tatrzańska, Tatrzański, Małopolskie", "ParentIds": [11, 12], "DescriptionPl": "gmina", "Code": null },
  { "id": 16, "countryId": 1, "FullName": "Bukowina Tatrzańska, Tatrzański, Małopolskie", "ParentIds": [11, 12, 15], "DescriptionPl": "wieś", "Code": "34-530" },
  { "id": 17, "countryId": 1, "FullName": "Kraków, Małopolskie", "ParentIds": [11], "DescriptionPl": "miasto", "Code": null },
  { "id": 18, "countryId": 1, "FullName": "Stare Miasto, Kraków, Małopolskie", "ParentIds": [11, 17], "DescriptionPl": "dzielnica", "Code": "31-000" },
  { "id": 19, "countryId": 1, "FullName": "Pomorskie", "ParentIds": [], "DescriptionPl": "województwo", "Code": null },
  { "id": 20, "countryId": 1, "FullName": "Pucki, Pomorskie", "ParentIds": [19], "DescriptionPl": "powiat", "Code": null },
  { "id": 21, "countryId": 1, "FullName": "Gmina Hel, Pucki, Pomorskie", "ParentIds": [19, 20], "DescriptionPl": "gmina", "Code": null },
  { "id": 22, "countryId": 1, "FullName": "Hel, Pucki, Pomorskie", "ParentIds": [19, 20, 21], "DescriptionPl": "miasto", "Code": "84-150" },
  { "id": 23, "countryId": 1, "FullName": "Gmina Władysławowo, Pucki, Pomorskie", "ParentIds": [19, 20], "DescriptionPl": "gmina", "Code": null },
  { "id": 24, "countryId": 1, "FullName": "Chałupy, Władysławowo, Pucki, Pomorskie", "ParentIds": [19, 20, 23], "DescriptionPl": "wieś", "Code": "84-120" },
  { "id": 25, "countryId": 1, "FullName": "Gdańsk, Pomorskie", "ParentIds": [19], "DescriptionPl": "miasto", "Code": null },
  { "id": 26, "countryId": 1, "FullName": "Śródmieście, Gdańsk, Pomorskie", "ParentIds": [19, 25], "DescriptionPl": "dzielnica", "Code": "80-001" }
]