[
  { "Id": 1, "CountryId": 1, "Name": "Mazowieckie", "IsConcrete": false, "DescriptionPL": "województwo", "Code": null, "FullName": "Mazowieckie" },
  { "Id": 2, "CountryId": 1, "Name": "Powiat Pruszkowski", "IsConcrete": false, "DescriptionPL": "powiat", "Code": null, "FullName": "Pruszkowski, Mazowieckie" },
  { "Id": 3, "CountryId": 1, "Name": "Pruszków", "IsConcrete": false, "DescriptionPL": "gmina", "Code": null, "FullName": "Gmina Pruszków, Pruszkowski, Mazowieckie" },
  { "Id": 4, "CountryId": 1, "Name": "Pruszków", "IsConcrete": true, "DescriptionPL": "miasto", "Code": "05-800", "FullName": "Pruszków, Pruszkowski, Mazowieckie" },
  { "Id": 5, "CountryId": 1, "Name": "Piaseczyński", "IsConcrete": false, "DescriptionPL": "powiat", "Code": null, "FullName": "Piaseczyński, Mazowieckie" },
  { "Id": 6, "CountryId": 1, "Name": "Piaseczno", "IsConcrete": false, "DescriptionPL": "gmina", "Code": null, "FullName": "Gmina Piaseczno, Piaseczyński, Mazowieckie" },
  { "Id": 7, "CountryId": 1, "Name": "Piaseczno", "IsConcrete": true, "DescriptionPL": "miasto", "Code": "05-500", "FullName": "Piaseczno, Piaseczyński, Mazowieckie" },
  { "Id": 8, "CountryId": 1, "Name": "Józefosław", "IsConcrete": true, "DescriptionPL": "wieś", "Code": "05-509", "FullName": "Józefosław, Piaseczno, Piaseczyński, Mazowieckie" },
  { "Id": 9, "CountryId": 1, "Name": "Warszawa", "IsConcrete": true, "DescriptionPL": "miasto stołeczne", "Code": null, "FullName": "Warszawa, Mazowieckie" },
  { "Id": 10, "CountryId": 1, "Name": "Mokotów", "IsConcrete": true, "DescriptionPL": "dzielnica", "Code": "02-500", "FullName": "Mokotów, Warszawa, Mazowieckie" },

  { "Id": 11, "CountryId": 1, "Name": "Małopolskie", "IsConcrete": false, "DescriptionPL": "województwo", "Code": null, "FullName": "Małopolskie" },
  { "Id": 12, "CountryId": 1, "Name": "Tatrzański", "IsConcrete": false, "DescriptionPL": "powiat", "Code": null, "FullName": "Tatrzański, Małopolskie" },
  { "Id": 13, "CountryId": 1, "Name": "Gmina Zakopane", "IsConcrete": false, "DescriptionPL": "gmina", "Code": null, "FullName": "Gmina Zakopane, Tatrzański, Małopolskie" },
  { "Id": 14, "CountryId": 1, "Name": "Zakopane", "IsConcrete": true, "DescriptionPL": "miasto", "Code": "34-500", "FullName": "Zakopane, Tatrzański, Małopolskie" },
  { "Id": 15, "CountryId": 1, "Name": "Bukowina Tatrzańska", "IsConcrete": false, "DescriptionPL": "gmina", "Code": null, "FullName": "Gmina Bukowina Tatrzańska, Tatrzański, Małopolskie" },
  { "Id": 16, "CountryId": 1, "Name": "Bukowina Tatrzańska", "IsConcrete": true, "DescriptionPL": "wieś", "Code": "34-530", "FullName": "Bukowina Tatrzańska, Tatrzański, Małopolskie" },
  { "Id": 17, "CountryId": 1, "Name": "Kraków", "IsConcrete": true, "DescriptionPL": "miasto", "Code": null, "FullName": "Kraków, Małopolskie" },
  { "Id": 18, "CountryId": 1, "Name": "Stare Miasto", "IsConcrete": true, "DescriptionPL": "dzielnica", "Code": "31-000", "FullName": "Stare Miasto, Kraków, Małopolskie" },

  { "Id": 19, "CountryId": 1, "Name": "Pomorskie", "IsConcrete": false, "DescriptionPL": "województwo", "Code": null, "FullName": "Pomorskie" },
  { "Id": 20, "CountryId": 1, "Name": "Powiat Pucki", "IsConcrete": false, "DescriptionPL": "powiat", "Code": null, "FullName": "Pucki, Pomorskie" },
  { "Id": 21, "CountryId": 1, "Name": "Hel", "IsConcrete": false, "DescriptionPL": "gmina", "Code": null, "FullName": "Gmina Hel, Pucki, Pomorskie" },
  { "Id": 22, "CountryId": 1, "Name": "Hel", "IsConcrete": true, "DescriptionPL": "miasto", "Code": "84-150", "FullName": "Hel, Pucki, Pomorskie" },
  { "Id": 23, "CountryId": 1, "Name": "Władysławowo", "IsConcrete": false, "DescriptionPL": "gmina", "Code": null, "FullName": "Gmina Władysławowo, Pucki, Pomorskie" },
  { "Id": 24, "CountryId": 1, "Name": "Chałupy", "IsConcrete": true, "DescriptionPL": "wieś", "Code": "84-120", "FullName": "Chałupy, Władysławowo, Pucki, Pomorskie" },
  { "Id": 25, "CountryId": 1, "Name": "Gdańsk", "IsConcrete": true, "DescriptionPL": "miasto", "Code": null, "FullName": "Gdańsk, Pomorskie" },
  { "Id": 26, "CountryId": 1, "Name": "Śródmieście", "IsConcrete": true, "DescriptionPL": "dzielnica", "Code": "80-001", "FullName": "Śródmieście, Gdańsk, Pomorskie" }
]